-- заполняем таблицу artist
INSERT INTO artist(id, name)
VALUES 
	(1, 'КиШ'), 
	(2, 'Кино'), 
	(3, 'Пикник'), 
	(4, 'Ария'), 
	(5, 'Максим'),
	(6, 'Руки вверх'),
	(7, 'Etolie Vipe'),
	(8, 'Антонио Вивальди'), 
	(9, 'Пётр Чайковский'),
	(10, 'Coolio')
;


-- заполняем таблицу genre (жанры)
INSERT INTO genre(id, title)
VALUES 
	(1, 'Рок'), 
	(2, 'Поп'), 
	(3, 'Классика'),
	(4, 'Folk')
;


-- заполняем таблицу album
INSERT INTO album(id, title, year)
VALUES 
	(1, 'Для души', 2018), 
	(2, 'Танцульки', 2019), 
	(3, 'Радость ушам', 2020),
	(4, 'Сборник хитов', 2016),
	(5, 'Hits new', 2020)
;


-- заполняем таблицу track
INSERT INTO track (id, album_id, title, duration)
VALUES 
	(1, 1, 'Лесник', 191),
	(2, 1, 'Кукла колдуна', 203), 
	(3, 1, 'Сапоги мертвеца', 149),
	(4, 1, 'Мой характер', 231),
	(5, 1, 'Стук', 229),
	(6, 1, 'Группа крови', 284),
	(7, 1, 'Хочу перемен', 292),
	(8, 1, 'В наших глазах', 214),
	(9, 1, 'Сияние', 310),
	(10, 1, 'Там, на самом краю земли', 131),
	(11, 1, 'Египтянин', 308),
	(12, 1, 'Улица Роз', 356),
	(13, 1, 'Штиль', 335),
	(14, 2, 'Знаешь ли ты', 242),
	(15, 2, 'Сон', 221),
	(16, 2, 'Танцуй', 221),
	(17, 2, 'Студент', 231),
	(18, 2, 'The Summer Is Mine', 171),
	(19, 3, 'Storm', 163),
	(20, 3, 'Лебединое озеро', 197),
	(21, 4, 'Сияние', 310),
	(22, 4, 'Сапоги мертвеца', 149),
	(23, 4, 'Танцуй', 221),
	(24, 4, 'Storm', 163),
	(25, 4, 'В наших глазах', 214),
	(26, 1, 'my own', 189),
	(27, 2, 'own my', 224),
	(28, 3, 'my', 329),
	(29, 4, 'oh my god', 136),
	(30, 1, 'myself', 225),
	(31, 2, 'by myself',169),
	(32, 3, 'bemy self', 331),
	(33, 4, 'myself by', 267),
	(34, 1, 'by myself by', 369),
	(35, 2, 'beemy', 169),
	(36, 3, 'premyne', 239),
	(37, 5, 'oh my god', 136),
	(38, 5, 'by myself',169),
	(39, 5, 'own my', 224),
	(40, 5, 'my', 329)
;


-- заполняем таблицу artistalbum
INSERT INTO artistalbum(artist_id, album_id)
VALUES 
	(1, 1), 
	(2, 1), 
	(3, 1),
	(4, 1),
	(5, 2),
	(6, 2),
	(7, 2),
	(8, 3),
	(9, 3),
	(10, 5),
	(1, 4),
	(3, 4),
	(6, 4),
	(9, 5),
	(3, 5)
;


-- заполняем таблицу artistgenre
INSERT INTO artistgenre(genre_id, artist_id)
VALUES 
	(1, 1), 
	(1, 2), 
	(2, 5),
	(2, 6),
	(2, 7),
	(3, 8),
	(2, 10),
	(4, 3),
	(4, 4),
	(1, 6),
	(2, 9)
;


-- заполняем таблицу collection
INSERT INTO collection(id, title, year)
VALUES 
	(1, 'Русский рок', 2020), 
	(2, 'Тряси телом', 2018), 
	(3, 'Шедевры классики', 2019),
	(4, 'Сборная салянка', 2022)
;


-- заполняем таблицу collectiontrack
INSERT INTO collectiontrack(collection_id,track_id)
VALUES 
	(1, 1), 
	(1, 2), 
	(1, 3),
	(1, 4),
	(1, 5),
	(1, 6),
	(1, 7),
	(1, 8),
	(1, 9),
	(1, 10),
	(1, 11),
	(1, 12),
	(1, 13),
	(2, 14),
	(2, 15),
	(2, 16),
	(2, 17),
	(2, 18),
	(3, 19),
	(3, 20),
	(3, 29),
	(3, 31),
	(4, 2),
	(4, 6),
	(4, 9),
	(4, 16),
	(4, 19),
	(4, 27),
	(4, 35),
	(4, 18)
;


-- проверим результат в окне вывода
select * from artist;
select * from genre;
select * from album;
select * from track;
select * from artistalbum;
select * from artistgenre;
select * from collection;
select * from collectiontrack;


